X,Y,z,dx,dz,dyaw,dt,,観測x,観測y,ヤコビx,ヤコビy,,観測x-ヤコビx,観測y-ヤコビy,
-13.4029,-65.2783,0.96654,-5.11173e-05,0.00203636,0.0250971,0.0544026,,-2.26315,-0.113602,0.00979614,-0.0747986,,-2.27295,-0.0388031,
