X,Y,z,dx,dz,dyaw,dt,,観測x,観測y,ヤコビx,ヤコビy,,観測x-ヤコビx,観測y-ヤコビy,
-6.82401,-161.096,0.866695,-5.7574e-05,0.002061,0.0279277,0.0424195,,9.44907,-1.12152,9.76227,-0.295368,,-0.313202,-0.826149,
