X,Y,z,dx,dz,dyaw,dt,,観測x,観測y,ヤコビx,ヤコビy,,観測x-ヤコビx,観測y-ヤコビy,
-106.473,-153.115,0.861166,-0.000174737,0.00387226,0.0450948,0.0583711,,15.6021,-3.11529,16.7652,1.41198,,-1.1631,-4.52727,
