X,Y,z,dx,dz,dyaw,dt,,観測x,観測y,ヤコビx,ヤコビy,,観測x-ヤコビx,観測y-ヤコビy,
-108.195,-153.362,0.897141,-0.000180187,0.00670265,0.0268765,0.0661267,,17.1898,-0.441391,9.49756,0.128395,,7.69228,-0.569786,
