X,Y,z,dx,dz,dyaw,dt,,観測x,観測y,ヤコビx,ヤコビy,,観測x-ヤコビx,観測y-ヤコビy,
144.09,-163.961,0.98317,-0.000457501,0.00621248,0.0735096,0.101024,,30.4715,-5.57336,5.34506,-5.99797,,25.1264,0.42461,
