X,Y,z,dx,dz,dyaw,dt,,観測x,観測y,ヤコビx,ヤコビy,,観測x-ヤコビx,観測y-ヤコビy,
-14,-181,0.789341,-0.000261259,0.00464579,0.0561765,0.109261,,28.1364,-2.29167,0.0055542,-0.658586,,28.1308,-1.63308,
